<?xml version="1.0" encoding="UTF-8"?>
<!DOCTYPE beans PUBLIC "-//SPRING//DTD BEAN//EN" "http://www.springframework.org/dtd/spring-beans.dtd">
<beans>

  <bean id="gwcAppCtx" class="org.geowebcache.util.ApplicationContextProvider" />
  
  <!-- The location of a static configuration file for GeoWebCache. 
       By default this lives in WEB-INF/classes/geowebcache.xml -->
  <bean id="gwcXmlConfig" class="org.geowebcache.config.XMLConfiguration">
    <constructor-arg ref="gwcAppCtx" />
    <constructor-arg ref="gwcGridSetBroker"/>
    <constructor-arg ref="gwcDefaultStorageFinder" />
    <!-- Other examples: -->
    <!--property name="relativePath"><value>../resources</value></property -->
    <!--property name="relativePath"><value>/WEB-INF/classes</value></property-->
    <!--property name="absolutePath"><value>/etc/geowebcache/conf</value></property-->
  </bean>
  
  <!-- If you like to automatically configure GWC from a WMS Getcapabilities document,
       change the values below. The last constructor-arg lets you specify parameters 
       that are appended to every WMS request to the backed, for example: 
       "format_options=regionate_by:auto&amp;bgcolor=0x112233" -->
  <bean id="gwcWMSConfig" class="org.geowebcache.config.GetCapabilitiesConfiguration">
  	<constructor-arg ref="gwcGridSetBroker"/>
    <!-- The URL to the WMS GetCapabilities document -->
    <constructor-arg value="http://localhost:8080/geoserver/wms"/>
    <!-- The formats to support for all layers read for the above document -->    
    <constructor-arg value="image/png,image/jpeg"/>
    <!-- Metatiling factors, 3x3 is usually a good compromise for vector data -->
    <constructor-arg value="3x3"/>
    <!-- Vendor parameters, these are appended to every request sent to the backend.
         If you use MapServer you probably want to set this to "map=name" -->
    <constructor-arg value=""/>
    <!-- Whether to allow cached=false to specificed for certain requests -->
    <constructor-arg value="false"/> 
  </bean>
  
  <!-- For each configuration bean above, add them below to activate -->
  <bean id="gwcTLDispatcher" class="org.geowebcache.layer.TileLayerDispatcher">
    <constructor-arg ref="gwcGridSetBroker"/>
    <constructor-arg>
      <list>
	    <ref bean="gwcWMSConfig" />
	    <ref bean="gwcXmlConfig" />
      </list>
    </constructor-arg>
  </bean>
  
  <bean id="gwcDefaultStorageFinder" class="org.geowebcache.storage.DefaultStorageFinder">
  	<constructor-arg ref="gwcAppCtx" />
  </bean>
  
  <bean id="gwcMetaStore" class="org.geowebcache.storage.metastore.jdbc.JDBCMetaBackend" destroy-method="destroy">
    <constructor-arg ref="gwcDefaultStorageFinder" />
  </bean>
  
  <!-- Static definition of where to put the metastore. 
       Note that the directory is AUTOMATICALLY CREATED if it does not exist. -->
  <!-- bean id="gwcMetaStore" class="org.geowebcache.storage.metastore.jdbc.JDBCMetaBackend" destroy-method="destroy">
    <constructor-arg value="org.h2.Driver" />
    <constructor-arg value="jdbc:h2:file:/tmp/gwc_metastore/h2_metastore;TRACE_LEVEL_FILE=0" />
    <constructor-arg value="username" />
    <constructor-arg value="password" />
  </bean -->
  
  <bean id="gwcBlobStore" class="org.geowebcache.storage.blobstore.file.FileBlobStore" destroy-method="destroy">
    <constructor-arg ref="gwcDefaultStorageFinder" />
  </bean>
  
  <!-- Static definition of where to put the blobstore. 
       Note that the directory MUST EXIST when GWC is started. -->
  <!-- bean id="gwcBlobStore" class="org.geowebcache.storage.blobstore.file.FileBlobStore" destroy-method="destroy">
    <constructor-arg value="/tmp/gwc_blobstore" />
  </bean -->
  
  <bean id="gwcStorageBroker" class="org.geowebcache.storage.StorageBroker" destroy-method="destroy">
    <constructor-arg ref="gwcMetaStore" />
    <constructor-arg ref="gwcBlobStore" />
    <property name="verifyFileSize" value="TRUE"/>
  </bean>
  
  
  <bean id="gwcGridSetBroker" class="org.geowebcache.grid.GridSetBroker">
    <!-- Should we used EPSG:900913 instead of EPSG:3857 ? -->
    <constructor-arg type="boolean" value="TRUE" />
    <!--
      Should the default grids be named EPSG:4326 and EPSG:900913 (TRUE),
      or (FALSE) use the new names similar to what WMTS suggests,
      GlobalCRS84Geometric and GoogleMapsCompatible ? 
      
      If you say FALSE here, you have to manually
      rename the directories and entries in the H2 database.
     -->
     <constructor-arg type="boolean" value="TRUE" />
  </bean>
  
  <bean id="gwcRuntimeStats" class="org.geowebcache.stats.RuntimeStats" destroy-method="destroy">
    <!-- The poll interval, the number of seconds until counters are aggregated -->
    <constructor-arg type="int" value="3" />
    <!-- The intervals (in seconds) for which aggregates are reported.
         Each interval must be a multiple of the poll interval above and
         listed in ascending order. For example, for a maximum interval 
         of 60 seconds and 3 second poll interval from above, the amount
         of memory consumed is (60 / 3) * 8 = 160 bytes
    -->
    <constructor-arg>
      <list>
        <value>3</value>
        <value>15</value>
        <value>60</value>
      </list>
    </constructor-arg>
    <!-- Descriptive texts for each of the intervals above -->
    <constructor-arg>
      <list>
        <value>3 seconds</value>
        <value>15 seconds</value>
        <value>60 seconds</value>
      </list>
    </constructor-arg>
  </bean>
  
  <!-- controller for handling all incoming requests -->
  <bean id="geowebcacheDispatcher" class="org.geowebcache.GeoWebCacheDispatcher" destroy-method="destroy">
    <constructor-arg ref="gwcTLDispatcher"/>
    <constructor-arg ref="gwcGridSetBroker"/>
    <constructor-arg ref="gwcStorageBroker"/>
    <constructor-arg ref="gwcXmlConfig"/>
    <constructor-arg ref="gwcRuntimeStats"/>
    <property name="defaultStorageFinder" ref="gwcDefaultStorageFinder"/>
  </bean>
  
  <!-- WMS based services -->
  <bean id="gwcServiceWMS" 
    	class="org.geowebcache.service.wms.WMSService">
    <constructor-arg ref="gwcStorageBroker"/>
	<constructor-arg ref="gwcTLDispatcher"/>
	<constructor-arg ref="gwcRuntimeStats"/>
	<!-- Set the next line to true to enable full WMS support,
	     i.e. recombining tiles to serve arbitrary WMS requests -->
    <property name="fullWMS"><value>FALSE</value></property>
    <!-- Proxy unknown requests -->
    <property name="proxyRequests"><value>TRUE</value></property>
  </bean>
  <bean id="gwcServiceGMaps"
	class="org.geowebcache.service.gmaps.GMapsConverter">
	<constructor-arg ref="gwcStorageBroker"/>
	<constructor-arg ref="gwcTLDispatcher"/>
	<constructor-arg ref="gwcGridSetBroker"/>
  </bean>
  <bean id="gwcServiceMGMaps"
	class="org.geowebcache.service.mgmaps.MGMapsConverter">
	<constructor-arg ref="gwcStorageBroker"/>
	<constructor-arg ref="gwcTLDispatcher"/>
	<constructor-arg ref="gwcGridSetBroker"/>
  </bean>
  <bean id="gwcServiceVE"
	class="org.geowebcache.service.ve.VEConverter">
	<constructor-arg ref="gwcStorageBroker"/>
	<constructor-arg ref="gwcTLDispatcher"/>
	<constructor-arg ref="gwcGridSetBroker"/>
  </bean>
  <bean id="gwcServiceKML"
	class="org.geowebcache.service.kml.KMLService">
	<constructor-arg ref="gwcStorageBroker"/>
	<constructor-arg ref="gwcTLDispatcher"/>
	<constructor-arg ref="gwcGridSetBroker"/>
	<constructor-arg ref="gwcRuntimeStats"/>
  </bean>
  <bean id="gwcServiceTMS"
	class="org.geowebcache.service.tms.TMSService">
	<constructor-arg ref="gwcStorageBroker"/>
	<constructor-arg ref="gwcTLDispatcher"/>
	<constructor-arg ref="gwcGridSetBroker"/>
	<constructor-arg ref="gwcRuntimeStats"/>
	<!-- Optionally you can set the base URL for the service -->
	<!-- <property name="baseURL" value="http://localhost:8080/geowebcache" /> -->
  </bean>
  <bean id="gwcServiceWMTS"
	class="org.geowebcache.service.wmts.WMTSService">
	<constructor-arg ref="gwcStorageBroker"/>
	<constructor-arg ref="gwcTLDispatcher"/>
	<constructor-arg ref="gwcGridSetBroker"/>
	<constructor-arg ref="gwcRuntimeStats"/>
  </bean>
   
  <!-- WFS based services -->
  <bean id="gwcServiceWFS"
	class="org.geowebcache.service.wfs.WFSService">
	<constructor-arg ref="gwcStorageBroker"/>
	<constructor-arg value="http://localhost:8080/geoserver/wfs" />
	<constructor-arg value="" />
	<constructor-arg value="600" />
  </bean>
	
  <!-- Thread pool for seeding -->
  <bean id="gwcSeederThreadPoolExec" 
    class="org.geowebcache.rest.seed.SeederThreadPoolExecutor">
    <constructor-arg value="16"/><!-- Size of core pool -->
    <constructor-arg value="32"/><!-- Maximum size of pool -->
  </bean>

  <!-- GeoRSS feeds poller for georss update sources on layers 
       Uncomment the bean to enable it
    
       The third argument is the number of seconds to delay before starting up.
       Useful if you depend on other servlets running in the same container.
  -->
  <!--
  <bean id="gwcGeoRSSPoller" class="org.geowebcache.georss.GeoRSSPoller" destroy-method="destroy">
    <constructor-arg ref="gwcTLDispatcher" />
    <constructor-arg ref="gwcSeedRestlet"/>
    <constructor-arg value="10" />
  </bean>-->

  <!-- Restlets -->
  <bean id="gwcSeedRestlet" class="org.geowebcache.rest.seed.SeedRestlet">
    <property name="tileLayerDispatcher" ref="gwcTLDispatcher"/>
    <property name="threadPoolExecutor" ref="gwcSeederThreadPoolExec"/>
    <property name="storageBroker" ref="gwcStorageBroker"/>
  </bean>

  <bean id="gwcSeedFormRestlet" class="org.geowebcache.rest.seed.SeedFormRestlet">
    <property name="tileLayerDispatcher" ref="gwcTLDispatcher"/>
    <property name="threadPoolExecutor" ref="gwcSeederThreadPoolExec"/>
    <property name="storageBroker" ref="gwcStorageBroker"/>
    <property name="seedRestlet" ref="gwcSeedRestlet"/>
  </bean>
  <bean id="gwcReloadRestlet" class="org.geowebcache.rest.reload.ReloadRestlet">
    <property name="tileLayerDispatcher" ref="gwcTLDispatcher"/>
  </bean>
  <bean id="gwcTileLayerRestlet" class="org.geowebcache.rest.layers.TileLayerRestlet">
    <property name="XMLConfiguration" ref="gwcXmlConfig"/>
    <property name="tileLayerDispatcher" ref="gwcTLDispatcher"/>
  </bean>
  <bean id="gwcBoundsRestlet" class="org.geowebcache.rest.bounds.BoundsRestlet">
    <property name="tileLayerDispatcher" ref="gwcTLDispatcher"/>
  </bean>
  <bean id="gwcFilterUpdateRestlet" class="org.geowebcache.rest.filter.FilterUpdateRestlet">
    <constructor-arg  ref="gwcTLDispatcher"/>
  </bean>
  <bean id="gwcByteStreamerRestlet" class="org.geowebcache.rest.webresources.ByteStreamerRestlet" />
  
  <!-- REST Dispatcher -->
  <bean id="gwcRestDispatcher" class="org.geowebcache.rest.RESTDispatcher">
    <constructor-arg type="java.util.Map">
      <map>
        <entry>
          <key><value>/seed/{layer}.{extension}</value></key>
          <ref bean="gwcSeedRestlet" />
        </entry>
        <entry>
          <key><value>/seed/{layer}</value></key>
          <ref bean="gwcSeedFormRestlet" />
        </entry>
        <entry>
          <key><value>/reload</value></key>
          <ref bean="gwcReloadRestlet" />
        </entry>
        <entry>
          <key><value>/layers/{layer}.{extension}</value></key>
          <ref bean="gwcTileLayerRestlet" />
        </entry>
        <entry>
          <key><value>/bounds/{layer}/{srs}/{type}</value></key>
          <ref bean="gwcBoundsRestlet" />
        </entry>
        <entry>
          <key><value>/filter/{filterName}/update/{updateType}</value></key>
          <ref bean="gwcFilterUpdateRestlet" />
        </entry>
        <entry>
          <key><value>/web/{filename}</value></key>
          <ref bean="gwcByteStreamerRestlet" />
        </entry>
      </map>
    </constructor-arg>
  </bean>

  <bean id="gwcProxyDispatcher"
	class="org.geowebcache.proxy.ProxyDispatcher"/>
  
  <bean id="gwcUrlMapping" class="org.springframework.web.servlet.handler.SimpleUrlHandlerMapping">
    <property name="alwaysUseFullPath" value="true"/>
    <property name="mappings">
      <props> 
        <prop key="/rest/**">gwcRestDispatcher</prop>        
        <prop key="/service/**">geowebcacheDispatcher</prop>
        <prop key="/demo/**">geowebcacheDispatcher</prop>
	    <prop key="/proxy/**">gwcProxyDispatcher</prop>
	    <prop key="/home">geowebcacheDispatcher</prop>
      </props>
    </property>
  </bean>
  
</beans>
